scenario,initial_infected,final_infected_ratio,attack_rate_unvaccinated,peak_infected_count,time_to_peak,total_vaccinated,final_infected_ratio_std,attack_rate_unvaccinated_std,peak_infected_count_std,time_to_peak_std,total_vaccinated_std
Baseline,"1551,1780,1890",0.17465564738292014,0.17465564738292014,10.75,15.3,0.0,0.13801620739433318,0.13801620739433318,6.492825244915879,15.374753684123126,0.0
Random vaccination,"1551,1890,1673",0.10523415977961434,0.11681957186544344,7.866666666666666,11.233333333333333,24.0,0.09191105274274664,0.1020297007511224,4.886739811848035,12.687063565731197,0.0
Degree vaccination,"1625,1698,1684",0.06508264462809918,0.07224770642201835,5.85,6.45,24.0,0.05438894485379743,0.06037671859916964,2.921718788310419,7.197987006736851,0.0
Eigenvector vaccination,"1457,1695,1625",0.05977961432506887,0.06636085626911316,5.6,7.283333333333333,24.0,0.05021585062054316,0.05574420114757544,2.637410131812993,9.467324119765868,0.0
Mask edge reduction,"1551,1780,1890",0.03119834710743802,0.03119834710743802,4.083333333333333,4.016666666666667,0.0,0.021725292743264974,0.021725292743264974,1.252680741269707,9.258054975042219,0.0
Contact reduction,"1551,1708,1780",0.0768595041322314,0.0768595041322314,6.683333333333334,10.283333333333333,0.0,0.0700280004321755,0.0700280004321755,4.073442997404941,11.640216182200465,0.0
