pearson,spearman,precision_at_k
0.7256911672652137,0.7155925651766983,0.3
